{"cameraMode":{"drawMode":0,"name":"Shaded","section":"Shading Mode"},"sceneLighting":true,"audioPlay":false,"sceneViewState":{"m_AlwaysRefresh":false,"showFog":true,"showSkybox":true,"showFlares":true,"showImageEffects":true,"showParticleSystems":true,"showVisualEffectGraphs":true,"m_FxEnabled":true},"in2DMode":false,"pivot":{"x":-4.376863479614258,"y":9.231110572814942,"z":8.389034271240235},"rotation":{"x":0.0008927254239097238,"y":-0.10453957319259644,"z":-0.00010895068407990038,"w":-0.994590699672699},"size":3.8408052921295168,"orthographic":false}